,exp_auc,exp_normal,exp_cancer
0,0.33,1.6775102564102564,1.2365894736842107
