,exp_auc,exp_normal,exp_cancer
0,0.23,1.6775102564102564,0.599474630840049
