,exp_auc,exp_normal,exp_cancer
0,0.5,9.601355128205128,9.666028258955441
