,exp_auc,exp_normal,exp_cancer
0,0.95,12.744047435897434,14.533852631578949
