,exp_auc,exp_normal,exp_cancer
0,0.96,6.6085602564102555,12.439091158184805
