,exp_auc,exp_normal,exp_cancer
0,0.1,11.35655,9.50214539645686
