,exp_auc,exp_normal,exp_cancer
0,0.68,7.95291794871795,8.548108771929826
