,exp_auc,exp_normal,exp_cancer
0,0.25,7.95291794871795,6.919358925081764
