,exp_auc,exp_normal,exp_cancer
0,0.38,1.3502153846153848,1.1699839100288234
