,exp_auc,exp_normal,exp_cancer
0,0.54,4.603473076923076,4.929047429899315
