,exp_auc,exp_normal,exp_cancer
0,0.76,4.603473076923076,6.417849122807018
