,exp_auc,exp_normal,exp_cancer
0,0.67,9.633415384615384,10.113249122807018
