,exp_auc,exp_normal,exp_cancer
0,0.88,6.431994871794872,8.50246656950608
