,exp_auc,exp_normal,exp_cancer
0,0.96,6.431994871794872,9.166536842105264
