,exp_auc,exp_normal,exp_cancer
0,0.16,12.663771794871792,12.046660000209805
