,exp_auc,exp_normal,exp_cancer
0,0.99,8.857252564102563,14.467385446753923
