,exp_auc,exp_normal,exp_cancer
0,0.73,10.829328205128204,11.354277192982456
