Threshold,Sensitivity,Specificity,NPV,PPV
inf,0.0,1.0,0.44776119402985076,0
0.7276670842056694,0.0,0.9666666666666667,0.4393939393939394,0.0
0.6915648152212837,0.16216216216216217,0.9666666666666667,0.48333333333333334,0.8571428571428571
0.6893791954875218,0.16216216216216217,0.9333333333333333,0.4745762711864407,0.75
0.6709691094467788,0.32432432432432434,0.9333333333333333,0.5283018867924528,0.8571428571428571
0.6683429011066485,0.32432432432432434,0.9,0.5192307692307693,0.8
0.6624611938691278,0.5135135135135135,0.9,0.6,0.8636363636363636
0.659363617462276,0.5135135135135135,0.8,0.5714285714285714,0.76
0.6523005159090443,0.5675675675675675,0.8,0.6,0.7777777777777778
0.6492858927262343,0.5675675675675675,0.7666666666666667,0.5897435897435898,0.75
0.6472167337560255,0.5945945945945946,0.7666666666666667,0.6052631578947368,0.7586206896551724
0.6452144032668164,0.5945945945945946,0.7,0.5833333333333334,0.7096774193548387
0.6308452132105024,0.7837837837837838,0.7,0.7241379310344828,0.7631578947368421
0.6293308403446761,0.7837837837837838,0.6666666666666666,0.7142857142857143,0.7435897435897436
0.6192197770454297,0.8648648648648649,0.6666666666666666,0.8,0.7619047619047619
0.6043290686345866,0.8648648648648649,0.5666666666666667,0.7727272727272727,0.7111111111111111
0.5959931833080249,0.918918918918919,0.5666666666666667,0.85,0.723404255319149
0.5920397867673269,0.918918918918919,0.5333333333333333,0.8421052631578947,0.7083333333333334
0.5889162386036971,0.9459459459459459,0.5,0.8823529411764706,0.7
0.574452857026221,0.9459459459459459,0.36666666666666664,0.8461538461538461,0.6481481481481481
0.5740208806152653,0.972972972972973,0.36666666666666664,0.9166666666666666,0.6545454545454545
0.533820650284392,0.972972972972973,0.0,0.0,0.5454545454545454
0.5262500636374521,1.0,0.0,0,0.5522388059701493
