,exp_auc,exp_normal,exp_cancer
0,0.79,6.239367948717948,8.468736149651862
