,exp_auc,exp_normal,exp_cancer
0,0.85,2.0821307692307696,6.69229649122807
