,exp_auc,exp_normal,exp_cancer
0,0.69,10.336507692307695,11.420389473684212
