,exp_auc,exp_normal,exp_cancer
0,0.92,7.966384615384618,10.163843859649125
