,exp_auc,exp_normal,exp_cancer
0,0.27,11.982946153846155,11.002187379242159
