,exp_auc,exp_normal,exp_cancer
0,0.05,14.328446153846157,13.211783172764706
