,exp_auc,exp_normal,exp_cancer
0,0.6,7.639619230769231,8.293380701754385
