,exp_auc,exp_normal,exp_cancer
0,0.75,7.639619230769231,10.001812896538432
