,exp_auc,exp_normal,exp_cancer
0,0.34,11.71325256410256,11.293031121867648
