,exp_auc,exp_normal,exp_cancer
0,0.03,14.497465384615388,11.00629649122807
