Biomarker_1,AUC,Sensitivity,Specificity,NPV,PPV,Best_Threshold
HSPB1_MMK_2024,0.7375,1.0,0.125,1.0,0.51724,0.51515
KPYM_MMK_2024,0.71094,1.0,0.125,1.0,0.53333,0.53535
PERM_MMK_2024,0.66406,1.0,0.1875,1.0,0.55172,0.52525
AGRIN_MMK_2024,0.65234,0,0,0,0,0.5
MMP9_MMK_2024,0.63281,0,0,0,0,0.5
