,exp_auc,exp_normal,exp_cancer
0,0.99,8.952115384615382,14.395556329713724
