,exp_auc,exp_normal,exp_cancer
0,0.05,12.89284102564103,9.173123742786373
