,exp_auc,exp_normal,exp_cancer
0,0.41,11.39437307692308,10.881728070175438
