,exp_auc,exp_normal,exp_cancer
0,0.02,12.21818205128205,8.235846762367157
