,exp_auc,exp_normal,exp_cancer
0,0.57,8.761597435897436,8.995930585788726
