,exp_auc,exp_normal,exp_cancer
0,0.75,5.007928205128206,6.658517543859649
