,exp_auc,exp_normal,exp_cancer
0,0.45,7.466357692307692,7.2297837975203425
