,exp_auc,exp_normal,exp_cancer
0,0.42,7.466357692307692,7.093924561403508
