,exp_auc,exp_normal,exp_cancer
0,0.16,13.339732051282052,11.480673684210524
