,exp_auc,exp_normal,exp_cancer
0,0.93,9.896652564102565,11.20323476934245
