,exp_auc,exp_normal,exp_cancer
0,0.14,11.15190512820513,9.327978404915589
