,exp_auc,exp_normal,exp_cancer
0,0.06,11.15190512820513,9.09681403508772
