,exp_auc,exp_normal,exp_cancer
0,0.69,6.624320512820513,7.9165761505710295
