,exp_auc,exp_normal,exp_cancer
0,0.32,11.447470512820514,10.62268596491228
