,exp_auc,exp_normal,exp_cancer
0,0.71,12.881026923076924,13.146594736842106
