,exp_auc,exp_normal,exp_cancer
0,0.44,8.234943589743589,7.88938021145446
