,exp_auc,exp_normal,exp_cancer
0,0.53,10.81933717948718,10.871606184443136
