,exp_auc,exp_normal,exp_cancer
0,0.97,7.3330243589743604,11.841083850909314
