,exp_auc,exp_normal,exp_cancer
0,0.94,7.3330243589743604,11.087578947368423
