,exp_auc,exp_normal,exp_cancer
0,0.24,11.995357692307694,11.496698386552943
