,exp_auc,exp_normal,exp_cancer
0,0.19,14.40107564102564,13.33226631372304
