,exp_auc,exp_normal,exp_cancer
0,0.39,12.959039743589742,12.402623402641225
