Biomarker_1,AUC,Sensitivity,Specificity,NPV,PPV,Best_Threshold
MMP9_MMK,0.81886,0.96581,0.46237,0.91489,0.69325,0.59596
PERM_MMK,0.79498,0.95798,0.34409,0.86486,0.65143,0.59596
KPYM_MMK,0.77424,0.96396,0.17204,0.8,0.58152,0.56566
AGRIN_MMK,0.73859,0.96639,0.12903,0.75,0.58673,0.56566
HSPB1_MMK,0.6316,0.99107,0.04348,0.8,0.55779,0.54545
