Biomarker_1,AUC,Sensitivity,Specificity,NPV,PPV,Best_Threshold
MMP9_MMK,0.82037,0.96552,0.49438,0.91667,0.71338,0.60606
PERM_MMK,0.79593,0.98291,0.2809,0.92593,0.64246,0.59596
KPYM_MMK,0.78312,0.97368,0.1573,0.82353,0.59677,0.57576
AGRIN_MMK,0.72786,0.97414,0.17045,0.83333,0.60753,0.57576
HSPB1_MMK,0.61578,0.98113,0.11364,0.83333,0.57143,0.54545
