,exp_auc,exp_normal,exp_cancer
0,0.25,13.838646153846152,13.126970882939705
