,exp_auc,exp_normal,exp_cancer
0,0.03,11.281869230769232,8.227252597881911
