,exp_auc,exp_normal,exp_cancer
0,0.96,3.0632538461538465,8.746726315789473
