,exp_auc,exp_normal,exp_cancer
0,0.06,12.961046153846151,8.749795520187304
