,exp_auc,exp_normal,exp_cancer
0,0.04,12.392507692307694,9.113002721442108
