Biomarker_1,AUC,Sensitivity,Specificity,NPV,PPV,Best_Threshold
CLIC1,0.83879,1.0,0.06897,1.0,0.52632,0.50505
AGRIN,0.80316,1.0,0.01724,1.0,0.51282,0.50505
KPYM,0.70474,1.0,0.0625,1.0,0.56311,0.50505
PERM,0.68822,0,0,0,0,0.5
TIMP2,0.6698,1.0,0.01754,1.0,0.5,0.27273
HSPB1,0.64828,0.98214,0.03571,0.66667,0.50459,0.50505
MMP9,0.60956,0.96491,0.01961,0.33333,0.52381,0.34343
