,exp_auc,exp_normal,exp_cancer
0,0.1,15.187660256410258,13.497905365414217
