,exp_auc,exp_normal,exp_cancer
0,0.15,15.187660256410258,13.820631578947367
