,exp_auc,exp_normal,exp_cancer
0,0.77,3.1758192307692306,4.9669769204105885
