,exp_auc,exp_normal,exp_cancer
0,0.92,6.639566666666667,8.53221052631579
