,exp_auc,exp_normal,exp_cancer
0,0.07,13.732338461538465,11.417624561403507
