,exp_auc,exp_normal,exp_cancer
0,0.1,10.327607692307692,8.925074283303921
