,exp_auc,exp_normal,exp_cancer
0,0.23,5.769797435897436,3.9059338089284803
