,exp_auc,exp_normal,exp_cancer
0,0.93,8.467717948717949,10.548181183599363
