,exp_auc,exp_normal,exp_cancer
0,0.96,2.099055128205128,7.088070091699951
