,exp_auc,exp_normal,exp_cancer
0,0.97,3.4732141025641012,10.61002486974755
