,exp_auc,exp_normal,exp_cancer
0,0.16,12.452201282051284,11.568771847896569
