,exp_auc,exp_normal,exp_cancer
0,0.67,2.2620538461538464,4.010937589718383
