,exp_auc,exp_normal,exp_cancer
0,0.56,2.2620538461538464,3.0448543859649124
