,exp_auc,exp_normal,exp_cancer
0,0.44,10.054539743589746,9.955677472437008
