,exp_auc,exp_normal,exp_cancer
0,0.58,3.691610256410256,4.175277635424362
