,exp_auc,exp_normal,exp_cancer
0,0.49,1.517374358974359,2.0347789473684212
