,exp_auc,exp_normal,exp_cancer
0,0.21,11.787289743589744,10.940670175438594
