Threshold,Sensitivity,Specificity,NPV,PPV
inf,0.0,1.0,0.06896551724137931,0
0.9999999999725737,0.037037037037037035,1.0,0.07142857142857142,1.0
0.8847996071228779,0.7777777777777778,1.0,0.25,1.0
0.8790090881582069,0.7777777777777778,0.5,0.14285714285714285,0.9545454545454546
0.7771786650310353,0.9629629629629629,0.5,0.5,0.9629629629629629
0.6753965627447123,0.9629629629629629,0.0,0.0,0.9285714285714286
0.6187398635477307,1.0,0.0,0,0.9310344827586207
