,exp_auc,exp_normal,exp_cancer
0,0.92,8.286455128205128,9.68324530547995
