,exp_auc,exp_normal,exp_cancer
0,0.11,5.469666666666665,3.0136035087719297
