,exp_auc,exp_normal,exp_cancer
0,0.19,5.469666666666665,3.407833527032451
