,exp_auc,exp_normal,exp_cancer
0,0.81,12.50894230769231,13.016408965674021
