,exp_auc,exp_normal,exp_cancer
0,0.66,2.922819230769231,3.8411998905400977
