,exp_auc,exp_normal,exp_cancer
0,0.75,5.973697435897436,7.2424569358298525
