,exp_auc,exp_normal,exp_cancer
0,0.96,12.90893846153846,14.560698253060783
