,exp_auc,exp_normal,exp_cancer
0,0.5,5.854184615384616,6.132212280701755
