,exp_auc,exp_normal,exp_cancer
0,0.92,11.669423076923078,13.085389113195099
