,exp_auc,exp_normal,exp_cancer
0,0.1,12.056358974358977,8.737042105263159
