,exp_auc,exp_normal,exp_cancer
0,0.91,11.904683333333331,12.67982747539853
