,exp_auc,exp_normal,exp_cancer
0,0.97,3.8991884615384618,9.437052965980637
