Threshold,Sensitivity,Specificity,NPV,PPV
inf,0.0,1.0,0.18181818181818182,0
0.9861059781858965,0.05555555555555555,1.0,0.19047619047619047,1.0
0.8933671520986493,0.5,1.0,0.3076923076923077,1.0
0.8907183530368479,0.5,0.75,0.25,0.9
0.885257655142934,0.5555555555555556,0.75,0.2727272727272727,0.9090909090909091
0.8702114594779872,0.5555555555555556,0.5,0.2,0.8333333333333334
0.6518857466425366,1.0,0.5,1.0,0.9
0.4280667363194018,1.0,0.0,0,0.8181818181818182
