Threshold,Sensitivity,Specificity,NPV,PPV
inf,0.0,1.0,0.16666666666666666,0
0.9586066376691897,0.05,1.0,0.17391304347826086,1.0
0.8444267841733483,0.75,1.0,0.4444444444444444,1.0
0.8271356519494124,0.75,0.5,0.2857142857142857,0.8823529411764706
0.8062034311907006,0.8,0.5,0.3333333333333333,0.8888888888888888
0.7930666688327324,0.8,0.25,0.2,0.8421052631578947
0.7253017218029103,0.85,0.25,0.25,0.85
0.7227776987725213,0.85,0.0,0.0,0.8095238095238095
0.649080018288134,1.0,0.0,0,0.8333333333333334
