Threshold,Sensitivity,Specificity,NPV,PPV
inf,0.0,1.0,0.18181818181818182,0
0.9529543609250396,0.05555555555555555,1.0,0.19047619047619047,1.0
0.8546163928032423,0.8333333333333334,1.0,0.5714285714285714,1.0
0.7925188464777635,0.8333333333333334,0.25,0.25,0.8333333333333334
0.7584283445810523,0.9444444444444444,0.25,0.5,0.85
0.7221259116955164,0.9444444444444444,0.0,0.0,0.8095238095238095
0.7001644706563027,1.0,0.0,0,0.8181818181818182
