Threshold,Sensitivity,Specificity,NPV,PPV
inf,0.0,1.0,0.18181818181818182,0
0.992799950031483,0.05555555555555555,1.0,0.19047619047619047,1.0
0.9616731510907504,0.4444444444444444,1.0,0.2857142857142857,1.0
0.949592196938984,0.4444444444444444,0.75,0.23076923076923078,0.8888888888888888
0.7021199115548026,0.9444444444444444,0.75,0.75,0.9444444444444444
0.4980884485489659,0.9444444444444444,0.25,0.5,0.85
0.47784965841760396,1.0,0.25,1.0,0.8571428571428571
0.2531484741442062,1.0,0.0,0,0.8181818181818182
