Threshold,Sensitivity,Specificity,NPV,PPV
inf,0.0,1.0,0.18181818181818182,0
0.985271486905861,0.05555555555555555,1.0,0.19047619047619047,1.0
0.9187651673897455,0.05555555555555555,0.75,0.15,0.5
0.526823207146621,0.7777777777777778,0.75,0.42857142857142855,0.9333333333333333
0.5241802592109088,0.7777777777777778,0.5,0.3333333333333333,0.875
0.4504383232106124,1.0,0.5,1.0,0.9
0.35487126512322886,1.0,0.0,0,0.8181818181818182
