Threshold,Sensitivity,Specificity,NPV,PPV
inf,0.0,1.0,0.21052631578947367,0
0.9900750542507493,0.06666666666666667,1.0,0.2222222222222222,1.0
0.9318572446036482,0.06666666666666667,0.75,0.17647058823529413,0.5
0.5285774574320131,0.8666666666666667,0.75,0.6,0.9285714285714286
0.49338951139762216,0.8666666666666667,0.5,0.5,0.8666666666666667
0.46304442942164364,1.0,0.5,1.0,0.8823529411764706
0.14520669695479937,1.0,0.0,0,0.7894736842105263
