Threshold,Sensitivity,Specificity,NPV,PPV
inf,0.0,1.0,0.18181818181818182,0
0.9964646397971973,0.05555555555555555,1.0,0.19047619047619047,1.0
0.9403973967106962,0.3333333333333333,1.0,0.25,1.0
0.9401337188616934,0.3333333333333333,0.75,0.2,0.8571428571428571
0.8073748252317309,0.7777777777777778,0.75,0.42857142857142855,0.9333333333333333
0.8031809233943135,0.7777777777777778,0.5,0.3333333333333333,0.875
0.5826991522938961,1.0,0.5,1.0,0.9
0.30992560065897035,1.0,0.0,0,0.8181818181818182
