Threshold,Sensitivity,Specificity,NPV,PPV
inf,0.0,1.0,0.17391304347826086,0
0.9426528442642407,0.05263157894736842,1.0,0.18181818181818182,1.0
0.8332209652183692,0.8421052631578947,1.0,0.5714285714285714,1.0
0.8100557624278678,0.8421052631578947,0.5,0.4,0.8888888888888888
0.7962666251885913,0.8947368421052632,0.5,0.5,0.8947368421052632
0.7737036698978509,0.8947368421052632,0.0,0.0,0.8095238095238095
0.7011038038500961,1.0,0.0,0,0.8260869565217391
