Threshold,Sensitivity,Specificity,NPV,PPV
inf,0.0,1.0,0.18181818181818182,0
0.9440642194645409,0.05555555555555555,1.0,0.19047619047619047,1.0
0.8541881708894178,0.7777777777777778,1.0,0.5,1.0
0.8410504210505446,0.7777777777777778,0.75,0.42857142857142855,0.9333333333333333
0.8270432710884872,0.8333333333333334,0.75,0.5,0.9375
0.8250266197736654,0.8333333333333334,0.5,0.4,0.8823529411764706
0.7707168178448204,1.0,0.5,1.0,0.9
0.7304303463784226,1.0,0.0,0,0.8181818181818182
