Threshold,Sensitivity,Specificity,NPV,PPV
inf,0.0,1.0,0.17391304347826086,0
0.961820890925873,0.05263157894736842,1.0,0.18181818181818182,1.0
0.9192105984575378,0.10526315789473684,1.0,0.19047619047619047,1.0
0.9108687538360145,0.10526315789473684,0.75,0.15,0.6666666666666666
0.7728257984365262,0.9473684210526315,0.75,0.75,0.9473684210526315
0.7620749792076864,0.9473684210526315,0.25,0.5,0.8571428571428571
0.7474338207611271,1.0,0.25,1.0,0.8636363636363636
0.7123826999297886,1.0,0.0,0,0.8260869565217391
