Threshold,Sensitivity,Specificity,NPV,PPV
inf,0.0,1.0,0.21052631578947367,0
0.9628184782986293,0.06666666666666667,1.0,0.2222222222222222,1.0
0.9149957068699638,0.13333333333333333,1.0,0.23529411764705882,1.0
0.9055685591186381,0.13333333333333333,0.75,0.1875,0.6666666666666666
0.7924550001295516,0.8666666666666667,0.75,0.6,0.9285714285714286
0.7342774894666774,0.8666666666666667,0.25,0.3333333333333333,0.8125
0.731304553953211,1.0,0.25,1.0,0.8333333333333334
0.5235877940194439,1.0,0.0,0,0.7894736842105263
