Threshold,Sensitivity,Specificity,NPV,PPV
inf,0.0,1.0,0.16,0
0.9644310214163303,0.047619047619047616,1.0,0.16666666666666666,1.0
0.8676602083915576,0.8095238095238095,1.0,0.5,1.0
0.7946294626384987,0.8095238095238095,0.25,0.2,0.85
0.6005095668184078,1.0,0.25,1.0,0.875
0.5768437523302837,1.0,0.0,0,0.84
