Threshold,Sensitivity,Specificity,NPV,PPV
inf,0.0,1.0,0.16666666666666666,0
0.9995971601398868,0.05,1.0,0.17391304347826086,1.0
0.6385890612038454,0.8,1.0,0.5,1.0
0.5362475779776144,0.8,0.25,0.2,0.8421052631578947
0.5000583678301341,0.9,0.25,0.3333333333333333,0.8571428571428571
0.483609890552384,0.9,0.0,0.0,0.8181818181818182
0.09485297642064151,1.0,0.0,0,0.8333333333333334
