Threshold,Sensitivity,Specificity,NPV,PPV
inf,0.0,1.0,0.16666666666666666,0
0.948916187911321,0.05,1.0,0.17391304347826086,1.0
0.8404540095352048,0.75,1.0,0.4444444444444444,1.0
0.8275109038301954,0.75,0.5,0.2857142857142857,0.8823529411764706
0.8132990697263788,0.8,0.5,0.3333333333333333,0.8888888888888888
0.8052653198817731,0.8,0.25,0.2,0.8421052631578947
0.776989535920183,0.95,0.25,0.5,0.8636363636363636
0.7764422058361946,0.95,0.0,0.0,0.8260869565217391
0.7734126504205668,1.0,0.0,0,0.8333333333333334
