Threshold,Sensitivity,Specificity,NPV,PPV
inf,0.0,1.0,0.2,0
0.9991669566043553,0.0625,1.0,0.21052631578947367,1.0
0.8698177087546426,0.375,1.0,0.2857142857142857,1.0
0.8531875730781919,0.375,0.75,0.23076923076923078,0.8571428571428571
0.7830564608469428,0.5625,0.75,0.3,0.9
0.7516494330697513,0.5625,0.5,0.2222222222222222,0.8181818181818182
0.5170943472695305,0.9375,0.5,0.6666666666666666,0.8823529411764706
0.47850574375858507,0.9375,0.0,0.0,0.7894736842105263
0.41879807419058607,1.0,0.0,0,0.8
