Threshold,Sensitivity,Specificity,NPV,PPV
inf,0.0,1.0,0.17391304347826086,0
0.9748700139439791,0.05263157894736842,1.0,0.18181818181818182,1.0
0.8989592702319177,0.7368421052631579,1.0,0.4444444444444444,1.0
0.8820274927132925,0.7368421052631579,0.75,0.375,0.9333333333333333
0.7924153655688299,0.8947368421052632,0.75,0.6,0.9444444444444444
0.7621030925382835,0.8947368421052632,0.25,0.3333333333333333,0.85
0.5836217783668288,1.0,0.25,1.0,0.8636363636363636
0.0763368790258236,1.0,0.0,0,0.8260869565217391
