Threshold,Sensitivity,Specificity,NPV,PPV
inf,0.0,1.0,0.17391304347826086,0
0.9999965167985778,0.05263157894736842,1.0,0.18181818181818182,1.0
0.8571256636140695,0.7368421052631579,1.0,0.4444444444444444,1.0
0.8181173617495796,0.7368421052631579,0.75,0.375,0.9333333333333333
0.5865395494620483,0.8421052631578947,0.75,0.5,0.9411764705882353
0.5572830367835029,0.8421052631578947,0.5,0.4,0.8888888888888888
0.4047085993843823,1.0,0.5,1.0,0.9047619047619048
0.051133203841075635,1.0,0.0,0,0.8260869565217391
