,exp_auc,exp_normal,exp_cancer
0,0.3,11.565558974358975,11.22564651247108
