,exp_auc,exp_normal,exp_cancer
0,0.66,12.662715384615385,13.17639719565637
