,exp_auc,exp_normal,exp_cancer
0,0.1,13.796855128205129,12.179266298471079
