,exp_auc,exp_normal,exp_cancer
0,0.06,16.47481923076923,14.607491228070174
