,exp_auc,exp_normal,exp_cancer
0,0.9,10.551616666666668,11.270898245614037
