,exp_auc,exp_normal,exp_cancer
0,0.89,4.098055128205129,7.810001754385965
