,exp_auc,exp_normal,exp_cancer
0,0.98,11.79101923076923,14.117728070175438
