,exp_auc,exp_normal,exp_cancer
0,0.73,2.580119230769231,4.645641864255294
