,exp_auc,exp_normal,exp_cancer
0,0.25,11.20576282051282,10.730492342275982
