,exp_auc,exp_normal,exp_cancer
0,0.27,11.79782564102564,11.133484210526314
