,exp_auc,exp_normal,exp_cancer
0,0.16,11.79782564102564,10.267820779020589
