,exp_auc,exp_normal,exp_cancer
0,0.51,12.42036282051282,12.439812503610781
