,exp_auc,exp_normal,exp_cancer
0,0.27,11.637410256410258,10.859992982456143
