,exp_auc,exp_normal,exp_cancer
0,0.99,8.63033717948718,12.892765176367648
