,exp_auc,exp_normal,exp_cancer
0,0.98,5.837129487179487,10.680930894217646
