,exp_auc,exp_normal,exp_cancer
0,0.13,12.287303846153845,10.970982456140352
