,exp_auc,exp_normal,exp_cancer
0,0.41,1.8013653846153845,1.4348561486172058
