,exp_auc,exp_normal,exp_cancer
0,0.94,3.9316346153846156,8.220049777422842
