Biomarker_1,Biomarker_2,Biomarker_3,AUC,Sensitivity,Specificity,NPV,PPV,Best_Threshold
HSPB1_RUO_2022,,,0.84375,0,0,0,0,0.5
PERM_RUO_2022,,,0.74306,1.0,0.22222,1.0,0.53333,0.51515
MMP9_RUO_2022,,,0.72222,1.0,0.27778,1.0,0.55172,0.51515
PERM_RUO_2022,MMP9_RUO_2022,,0.67361,0,0,0,0,0.5
HSPB1_RUO_2022,PERM_RUO_2022,,0.57639,0,0,0,0,0.5
HSPB1_RUO_2022,PERM_RUO_2022,MMP9_RUO_2022,0.5625,0,0,0,0,0.5
HSPB1_RUO_2022,MMP9_RUO_2022,,0.54167,1.0,0.05556,1.0,0.48485,0.46465
