,exp_auc,exp_normal,exp_cancer
0,0.3,11.161249999999999,10.494162034511177
