,exp_auc,exp_normal,exp_cancer
0,0.09,6.700630769230768,4.736861075279657
