,exp_auc,exp_normal,exp_cancer
0,0.03,16.709215384615383,9.186736832861323
