Biomarker_1,AUC,Sensitivity,Specificity,NPV,PPV,Best_Threshold
PERM_MMK,0.86452,0.92105,0.7037,0.86364,0.81395,0.64646
AGRIN_MMK,0.82685,0.725,0.77778,0.65625,0.82857,0.67677
MMP9_MMK,0.80556,0.675,0.88889,0.64865,0.9,0.68687
KPYM_MMK,0.77588,0.82051,0.59259,0.69565,0.74419,0.63636
HSPB1_MMK,0.7537,0.9,0.44444,0.75,0.70588,0.62626
