Biomarker_1,AUC,Sensitivity,Specificity,NPV,PPV,Best_Threshold
AGRIN_ADIPOQ,0.71174,0.98113,0.03704,0.66667,0.5,0.51515
MMP9_ADIPOQ,0.68658,1.0,0.12963,1.0,0.53,0.50505
TIMP-2_ADIPOQ,0.68376,0.98077,0.01852,0.5,0.49038,0.20202
KPYM_ADIPOQ,0.68127,1.0,0.07407,1.0,0.5098,0.50505
PERM_ADIPOQ,0.66267,0.98039,0.05556,0.75,0.49505,0.50505
HSPB1_ADIPOQ,0.57351,1.0,0.07547,1.0,0.51961,0.50505
