,exp_auc,exp_normal,exp_cancer
0,0.46,12.225078205128206,12.140609627126473
