,exp_auc,exp_normal,exp_cancer
0,0.13,10.124616666666666,8.776778465222796
