,exp_auc,exp_normal,exp_cancer
0,0.29,4.109573076923078,3.4958561403508774
