,exp_auc,exp_normal,exp_cancer
0,0.5,4.109573076923078,4.181098662771421
