,exp_auc,exp_normal,exp_cancer
0,0.16,8.430383333333335,6.684926851934952
