,exp_auc,exp_normal,exp_cancer
0,1.0,3.6224346153846145,11.729612280701755
