,exp_auc,exp_normal,exp_cancer
0,0.69,4.980934615384617,6.060325248883431
