Threshold,Sensitivity,Specificity,NPV,PPV
inf,0.0,1.0,0.1724137931034483,0
0.9691242342243552,0.041666666666666664,1.0,0.17857142857142858,1.0
0.8610327507740712,0.6666666666666666,1.0,0.38461538461538464,1.0
0.8580376819724075,0.6666666666666666,0.8,0.3333333333333333,0.9411764705882353
0.8127616839481474,0.875,0.8,0.5714285714285714,0.9545454545454546
0.7577038078200362,0.875,0.0,0.0,0.8076923076923077
0.6879313381886583,1.0,0.0,0,0.8275862068965517
