Threshold,Sensitivity,Specificity,NPV,PPV
inf,0.0,1.0,0.18518518518518517,0
0.963882250327825,0.045454545454545456,1.0,0.19230769230769232,1.0
0.853289574282398,0.6363636363636364,1.0,0.38461538461538464,1.0
0.8482842449801186,0.6363636363636364,0.8,0.3333333333333333,0.9333333333333333
0.8035158507392111,0.8636363636363636,0.8,0.5714285714285714,0.95
0.7834845923406734,0.8636363636363636,0.4,0.4,0.8636363636363636
0.7527261190498348,0.9090909090909091,0.4,0.5,0.8695652173913043
0.7492313894961542,0.9090909090909091,0.0,0.0,0.8
0.6849779961012907,1.0,0.0,0,0.8148148148148148
