Threshold,Sensitivity,Specificity,NPV,PPV
inf,0.0,1.0,0.19230769230769232,0
0.9691705441124899,0.047619047619047616,1.0,0.2,1.0
0.8408425677529306,0.7142857142857143,1.0,0.45454545454545453,1.0
0.8393206665487953,0.7142857142857143,0.8,0.4,0.9375
0.8079280376405089,0.8571428571428571,0.8,0.5714285714285714,0.9473684210526315
0.7807621619590607,0.8571428571428571,0.4,0.4,0.8571428571428571
0.7608537053613005,0.9047619047619048,0.4,0.5,0.8636363636363636
0.7389919851353142,0.9047619047619048,0.0,0.0,0.7916666666666666
0.6968125566482525,1.0,0.0,0,0.8076923076923077
