Threshold,Sensitivity,Specificity,NPV,PPV
inf,0.0,1.0,0.1724137931034483,0
0.9817756739224726,0.041666666666666664,1.0,0.17857142857142858,1.0
0.873835631036163,0.6666666666666666,1.0,0.38461538461538464,1.0
0.8697281018765431,0.6666666666666666,0.8,0.3333333333333333,0.9411764705882353
0.7966810961170356,0.875,0.8,0.5714285714285714,0.9545454545454546
0.6709888341832625,0.875,0.0,0.0,0.8076923076923077
0.43284594890932987,1.0,0.0,0,0.8275862068965517
