,exp_auc,exp_normal,exp_cancer
0,0.18,12.637258974358973,11.842181445139708
