,exp_auc,exp_normal,exp_cancer
0,0.89,12.059853846153848,12.825128070175438
