,exp_auc,exp_normal,exp_cancer
0,0.95,4.294369230769232,8.462015789473684
