,exp_auc,exp_normal,exp_cancer
0,0.47,10.777242307692307,10.697821052631578
