,exp_auc,exp_normal,exp_cancer
0,0.99,8.856699999999998,10.95762105263158
