,exp_auc,exp_normal,exp_cancer
0,0.62,10.169619230769232,10.493736842105264
