,exp_auc,exp_normal,exp_cancer
0,0.68,10.727073076923078,11.834580701754385
