,exp_auc,exp_normal,exp_cancer
0,0.92,13.836807692307694,14.662750255058336
