,exp_auc,exp_normal,exp_cancer
0,0.37,8.721666666666666,8.258533087402107
