,exp_auc,exp_normal,exp_cancer
0,0.44,8.545510256410259,8.197921201534754
