Biomarker_1,AUC,Sensitivity,Specificity,NPV,PPV,Best_Threshold
MMP9_MMK,0.77492,0.95614,0.41758,0.88372,0.67284,0.57576
PERM_MMK,0.74867,0.97414,0.25275,0.88462,0.62431,0.57576
KPYM_MMK,0.73209,0.97222,0.13187,0.8,0.57065,0.55556
AGRIN_MMK,0.71808,0.97414,0.0989,0.75,0.57949,0.55556
HSPB1_MMK,0.59419,0.99083,0.04444,0.8,0.5567,0.53535
