,exp_auc,exp_normal,exp_cancer
0,0.56,9.231685897435899,9.399387342443138
