,exp_auc,exp_normal,exp_cancer
0,0.47,7.67748076923077,7.757719523977255
