,exp_auc,exp_normal,exp_cancer
0,0.48,10.286978205128205,10.129124014673039
