,exp_auc,exp_normal,exp_cancer
0,0.94,12.495989743589742,13.408658967293627
