,exp_auc,exp_normal,exp_cancer
0,0.04,9.804201282051284,7.191994736842106
