,exp_auc,exp_normal,exp_cancer
0,0.04,10.124616666666666,7.997752631578947
