,exp_auc,exp_normal,exp_cancer
0,0.86,4.866323076923076,8.014001754385964
