,exp_auc,exp_normal,exp_cancer
0,0.97,4.866323076923076,11.222713310577056
