,exp_auc,exp_normal,exp_cancer
0,0.91,1.1419833333333336,6.222528883636421
