,exp_auc,exp_normal,exp_cancer
0,0.06,13.179916666666669,7.69516122646353
