,exp_auc,exp_normal,exp_cancer
0,0.26,15.26426282051282,14.451017543859649
