,exp_auc,exp_normal,exp_cancer
0,0.37,15.26426282051282,14.715419827759655
