,exp_auc,exp_normal,exp_cancer
0,0.41,9.678007692307691,9.385061040352305
