,exp_auc,exp_normal,exp_cancer
0,0.92,12.685203846153847,13.79486666666667
