,exp_auc,exp_normal,exp_cancer
0,1.0,11.632634615384616,13.576514035087719
