,exp_auc,exp_normal,exp_cancer
0,0.79,8.428842307692307,10.063609331643628
