,exp_auc,exp_normal,exp_cancer
0,0.9,10.87747435897436,12.207973767670097
