,exp_auc,exp_normal,exp_cancer
0,0.41,11.408865384615384,11.216657894736842
