,exp_auc,exp_normal,exp_cancer
0,0.98,3.448234615384615,10.589011716241323
