Biomarker_1,AUC,Sensitivity,Specificity,NPV,PPV,Best_Threshold
PERM,0.86538,0.92,0.73077,0.90476,0.76667,0.59596
MMP9,0.82856,0.75862,0.84906,0.76271,0.84615,0.62626
TIMP-2,0.78333,0.86486,0.66667,0.8,0.7619,0.61616
HSPB1,0.73901,0.84483,0.54902,0.75676,0.68056,0.58586
ADIPOQ,0.71937,0.80769,0.62963,0.77273,0.67742,0.54545
