,exp_auc,exp_normal,exp_cancer
0,0.7,15.11434230769231,16.132338596491227
