,exp_auc,exp_normal,exp_cancer
0,0.98,4.468914102564102,7.882321052631578
