,exp_auc,exp_normal,exp_cancer
0,0.33,2.0241833333333332,1.3048233100672548
