,exp_auc,exp_normal,exp_cancer
0,0.04,11.029851282051283,6.937435512592795
