Biomarker_1,AUC,Sensitivity,Specificity,NPV,PPV,Best_Threshold
HSPB1_RUO_2024,0.85547,1.0,0.0625,1.0,0.51613,0.51515
PERM_RUO_2024,0.77222,1.0,0.16667,1.0,0.57143,0.54545
MMP9_RUO_2024,0.67222,1.0,0.11111,1.0,0.55556,0.53535
