,exp_auc,exp_normal,exp_cancer
0,0.0,13.706860256410256,8.567364912280702
