,exp_auc,exp_normal,exp_cancer
0,0.04,13.706860256410256,8.171631242972254
