,exp_auc,exp_normal,exp_cancer
0,0.99,9.990846153846157,12.054394736842106
