,exp_auc,exp_normal,exp_cancer
0,0.4,13.657137179487178,13.298935087719299
