,exp_auc,exp_normal,exp_cancer
0,0.75,11.374675641025641,11.737182456140351
