,exp_auc,exp_normal,exp_cancer
0,0.39,15.985543589743592,15.439466220237252
