,exp_auc,exp_normal,exp_cancer
0,0.11,5.959351282051282,2.3875780947388727
