,exp_auc,exp_normal,exp_cancer
0,0.47,13.753428205128204,13.651667361304902
