,exp_auc,exp_normal,exp_cancer
0,0.38,10.532057692307694,10.246648685675979
