,exp_auc,exp_normal,exp_cancer
0,0.15,10.797198717948719,9.96256880397304
