,exp_auc,exp_normal,exp_cancer
0,0.1,3.5654871794871803,0.5827596491228069
