,exp_auc,exp_normal,exp_cancer
0,0.44,8.663323076923078,8.26040350877193
