Biomarker_1,AUC,Sensitivity,Specificity,NPV,PPV,Best_Threshold
MMP9_MMK,0.76928,0.9569,0.4382,0.88636,0.68944,0.57576
PERM_MMK,0.73687,0.97436,0.23596,0.875,0.62637,0.57576
KPYM_MMK,0.72038,0.95614,0.1573,0.73684,0.59239,0.56566
AGRIN_MMK,0.67359,0.96552,0.07955,0.63636,0.58031,0.54545
HSPB1_MMK,0.54599,0.98113,0.09091,0.8,0.56522,0.53535
