,exp_auc,exp_normal,exp_cancer
0,0.98,4.533441025641026,9.766562213561272
