,exp_auc,exp_normal,exp_cancer
0,0.81,9.139807692307693,10.669033303589902
