,exp_auc,exp_normal,exp_cancer
0,0.19,10.467314102564105,8.707022807017545
