,exp_auc,exp_normal,exp_cancer
0,0.99,11.404403846153846,12.941538596491228
