,exp_auc,exp_normal,exp_cancer
0,0.94,9.27969487179487,11.211365637840688
