,exp_auc,exp_normal,exp_cancer
0,0.71,1.4753256410256408,5.065631331273088
