,exp_auc,exp_normal,exp_cancer
0,0.3,3.6687397435897435,2.262342105263158
