,exp_auc,exp_normal,exp_cancer
0,0.1,2.735446153846154,0.32769336440900493
