,exp_auc,exp_normal,exp_cancer
0,0.13,2.735446153846154,0.6319877192982456
