,exp_auc,exp_normal,exp_cancer
0,0.21,9.137507692307691,7.341797283329804
