,exp_auc,exp_normal,exp_cancer
0,0.73,8.15009358974359,9.914769698662404
