,exp_auc,exp_normal,exp_cancer
0,0.88,3.8894910256410253,7.351643859649122
