,exp_auc,exp_normal,exp_cancer
0,0.56,13.449174358974359,13.49851403508772
