,exp_auc,exp_normal,exp_cancer
0,0.84,15.168291025641025,15.776136842105265
