,exp_auc,exp_normal,exp_cancer
0,0.52,3.1828794871794868,3.248507513577353
