,exp_auc,exp_normal,exp_cancer
0,0.83,8.128748717948719,9.668140436934312
