Biomarker_1,AUC,Sensitivity,Specificity,NPV,PPV,Best_Threshold
AGRIN_MMK,0.80361,0.55,0.91667,0.67073,0.86842,0.56566
KPYM_MMK,0.72881,0.67797,0.71667,0.69355,0.70175,0.55556
MMP9_RUO,0.71111,0.66667,0.64912,0.64912,0.66667,0.56566
MMP9_MMK,0.705,0.88333,0.48333,0.80556,0.63095,0.54545
PERM_MMK,0.68908,0.7069,0.6,0.67925,0.63077,0.53535
PERM_RUO,0.68392,0.69231,0.61818,0.68,0.63158,0.53535
HSPB1_MMK,0.67373,0.58333,0.69492,0.62121,0.66038,0.53535
HSPB1_RUO,0.62455,0.41667,0.90909,0.58824,0.83333,0.55556
