Biomarker_1,Biomarker_2,Biomarker_3,AUC,Sensitivity,Specificity,NPV,PPV,Best_Threshold
HSPB1_RUO_2022,,,0.84028,1.0,0.05556,1.0,0.48485,0.51515
MMP9_RUO_2022,,,0.72917,1.0,0.05556,1.0,0.48485,0.51515
PERM_RUO_2022,,,0.72222,1.0,0.22222,1.0,0.53333,0.52525
PERM_RUO_2022,MMP9_RUO_2022,,0.71875,1.0,0.05556,1.0,0.48485,0.51515
HSPB1_RUO_2022,PERM_RUO_2022,,0.67361,0,0,0,0,0.5
HSPB1_RUO_2022,MMP9_RUO_2022,,0.62153,1.0,0.05556,1.0,0.48485,0.48485
HSPB1_RUO_2022,PERM_RUO_2022,MMP9_RUO_2022,0.61111,1.0,0.05556,1.0,0.48485,0.48485
