,exp_auc,exp_normal,exp_cancer
0,0.82,9.112932051282051,9.798606386699166
