,exp_auc,exp_normal,exp_cancer
0,0.23,13.530088461538462,13.063750877192982
