,exp_auc,exp_normal,exp_cancer
0,0.64,14.213826923076923,14.487019537912253
