,exp_auc,exp_normal,exp_cancer
0,0.69,14.213826923076923,14.645768421052633
