,exp_auc,exp_normal,exp_cancer
0,0.24,2.2240012820512822,1.3173000000000001
