,exp_auc,exp_normal,exp_cancer
0,0.84,5.715108974358975,6.7280517123507835
