,exp_auc,exp_normal,exp_cancer
0,0.6,5.715108974358975,5.929440350877192
