,exp_auc,exp_normal,exp_cancer
0,0.05,15.223038461538462,12.803082673297057
