Biomarker_1,AUC,Sensitivity,Specificity,NPV,PPV,Best_Threshold
CLIC1,0.83722,1.0,0.03333,1.0,0.50847,0.51515
AGRIN,0.79,1.0,0.01667,1.0,0.5042,0.51515
MMP9,0.71306,1.0,0.1,1.0,0.52632,0.51515
KPYM,0.69802,1.0,0.01695,1.0,0.50847,0.51515
PERM,0.68822,1.0,0.08333,1.0,0.51327,0.51515
HSPB1,0.68667,0.98333,0.05,0.75,0.50862,0.51515
TIMP2,0.66016,1.0,0.0339,1.0,0.50862,0.43434
