,exp_auc,exp_normal,exp_cancer
0,0.3,6.387908974358974,5.510884210526316
