,exp_auc,exp_normal,exp_cancer
0,0.92,4.848715384615386,7.676806002604608
