Threshold,Sensitivity,Specificity,NPV,PPV
inf,0.0,1.0,0.4696969696969697,0
0.942860729187346,0.02857142857142857,1.0,0.47692307692307695,1.0
0.9274567544699716,0.02857142857142857,0.967741935483871,0.46875,0.5
0.9097005533842822,0.05714285714285714,0.967741935483871,0.47619047619047616,0.6666666666666666
0.8600949765442958,0.05714285714285714,0.9354838709677419,0.46774193548387094,0.5
0.740539777981319,0.2571428571428571,0.9354838709677419,0.5272727272727272,0.8181818181818182
0.7396890954225199,0.2571428571428571,0.9032258064516129,0.5185185185185185,0.75
0.7340960939804388,0.2857142857142857,0.9032258064516129,0.5283018867924528,0.7692307692307693
0.7208455334752001,0.2857142857142857,0.8709677419354839,0.5192307692307693,0.7142857142857143
0.7066247217118435,0.37142857142857144,0.8709677419354839,0.5510204081632653,0.7647058823529411
0.7024033708138641,0.37142857142857144,0.8064516129032258,0.5319148936170213,0.6842105263157895
0.6843560484910999,0.5428571428571428,0.8064516129032258,0.6097560975609756,0.76
0.6601401483810149,0.5428571428571428,0.6774193548387096,0.5675675675675675,0.6551724137931034
0.5918719959173382,0.7428571428571429,0.6774193548387096,0.7,0.7222222222222222
0.5746067306330105,0.7428571428571429,0.6451612903225806,0.6896551724137931,0.7027027027027027
0.5560389669861956,0.8,0.6451612903225806,0.7407407407407407,0.717948717948718
0.5392389998321612,0.8,0.5483870967741935,0.7083333333333334,0.6666666666666666
0.5266960938880927,0.8571428571428571,0.5483870967741935,0.7727272727272727,0.6818181818181818
0.5200455966563396,0.8571428571428571,0.5161290322580645,0.7619047619047619,0.6666666666666666
0.49713729331402295,0.9428571428571428,0.5161290322580645,0.8888888888888888,0.6875
0.40302729837417317,0.9428571428571428,0.3548387096774194,0.8461538461538461,0.6226415094339622
0.38804613132652405,1.0,0.3548387096774194,1.0,0.6363636363636364
0.07453589670335845,1.0,0.0,0,0.5303030303030303
