,exp_auc,exp_normal,exp_cancer
0,0.77,7.267152564102562,8.990621235723726
