,exp_auc,exp_normal,exp_cancer
0,0.89,9.90798846153846,12.873621509679511
