,exp_auc,exp_normal,exp_cancer
0,0.37,10.026174358974359,9.773215789473683
