,exp_auc,exp_normal,exp_cancer
0,0.28,10.026174358974359,9.547398187177942
