,exp_auc,exp_normal,exp_cancer
0,0.94,2.724351282051282,10.92584159544206
