,exp_auc,exp_normal,exp_cancer
0,0.39,9.383597435897437,8.660897224450736
