,exp_auc,exp_normal,exp_cancer
0,0.17,10.015767948717947,8.737235087719297
