,exp_auc,exp_normal,exp_cancer
0,0.38,15.015873076923075,14.854392982456142
