Biomarker_1,AUC,Sensitivity,Specificity,NPV,PPV,Best_Threshold
PERM_RUO,0.86538,0.98,0.51923,0.96429,0.66216,0.57576
PERM_MMK,0.85077,0.96429,0.5,0.93333,0.65854,0.57576
AGRIN_MMK,0.84883,0.98276,0.23214,0.92857,0.57,0.55556
MMP9_MMK,0.84575,0.98276,0.39286,0.95652,0.62637,0.56566
MMP9_RUO,0.82856,0.98276,0.30189,0.94118,0.60638,0.56566
KPYM_MMK,0.81955,0.96491,0.25,0.875,0.56701,0.55556
HSPB1_MMK,0.81129,0.96552,0.41818,0.92,0.63636,0.56566
HSPB1_RUO,0.73901,1.0,0.11765,1.0,0.56311,0.53535
