,exp_auc,exp_normal,exp_cancer
0,0.22,15.082155128205127,14.116863883862255
