,exp_auc,exp_normal,exp_cancer
0,0.94,6.233626923076923,11.057122807017544
