,exp_auc,exp_normal,exp_cancer
0,0.98,6.233626923076923,13.20098384070245
