,exp_auc,exp_normal,exp_cancer
0,0.46,10.948989743589742,10.772348207976078
