,exp_auc,exp_normal,exp_cancer
0,0.23,15.423284615384615,14.014751636956861
