,exp_auc,exp_normal,exp_cancer
0,0.85,5.901205128205128,9.799365503330735
