,exp_auc,exp_normal,exp_cancer
0,0.67,5.901205128205128,7.093745614035088
