,exp_auc,exp_normal,exp_cancer
0,0.65,10.246402564102565,10.953498245614034
