,exp_auc,exp_normal,exp_cancer
0,0.94,16.276621794871794,17.263921052631577
