,exp_auc,exp_normal,exp_cancer
0,0.49,12.704230769230767,12.540929824561404
