,exp_auc,exp_normal,exp_cancer
0,0.34,12.704230769230767,11.587982103994113
