,exp_auc,exp_normal,exp_cancer
0,0.97,7.588842307692308,9.742294736842107
