,exp_auc,exp_normal,exp_cancer
0,0.71,4.358485897435898,6.201694736842105
