,exp_auc,exp_normal,exp_cancer
0,0.97,12.706842307692309,14.686729190791667
