,exp_auc,exp_normal,exp_cancer
0,0.57,11.274734615384617,11.434105372571079
