Threshold,Sensitivity,Specificity,NPV,PPV
inf,0.0,1.0,0.49514563106796117,0
1.0,0.038461538461538464,1.0,0.504950495049505,1.0
0.9615820218049306,0.9423076923076923,1.0,0.9444444444444444,1.0
0.7258857611664056,0.9423076923076923,0.9803921568627451,0.9433962264150944,0.98
0.6440632988086052,0.9807692307692307,0.9803921568627451,0.9803921568627451,0.9807692307692307
0.41633171543839137,0.9807692307692307,0.9607843137254902,0.98,0.9622641509433962
0.23835779291258025,1.0,0.9607843137254902,1.0,0.9629629629629629
8.065520687873326e-09,1.0,0.0,0,0.5048543689320388
