Threshold,Sensitivity,Specificity,NPV,PPV
inf,0.0,1.0,0.5,0
0.9999999999999909,0.01818181818181818,1.0,0.5045871559633027,1.0
0.7197596089307509,0.9818181818181818,1.0,0.9821428571428571,1.0
0.004847513737545009,0.9818181818181818,0.45454545454545453,0.9615384615384616,0.6428571428571429
0.004390431392053864,1.0,0.45454545454545453,1.0,0.6470588235294118
1.647268258310467e-05,1.0,0.0,0,0.5
