Threshold,Sensitivity,Specificity,NPV,PPV
inf,0.0,1.0,0.49107142857142855,0
0.9999999999999958,0.017543859649122806,1.0,0.4954954954954955,1.0
0.6013830585834126,0.9649122807017544,1.0,0.9649122807017544,1.0
0.35647492009744264,0.9649122807017544,0.9636363636363636,0.9636363636363636,0.9649122807017544
0.30406109652485175,0.9824561403508771,0.9636363636363636,0.9814814814814815,0.9655172413793104
0.01660986253493387,0.9824561403508771,0.6181818181818182,0.9714285714285714,0.7272727272727273
0.016357320280133304,1.0,0.6181818181818182,1.0,0.7307692307692307
2.9207670737839497e-05,1.0,0.0,0,0.5089285714285714
