Threshold,Sensitivity,Specificity,NPV,PPV
inf,0.0,1.0,0.46464646464646464,0
0.9972313798563389,0.018867924528301886,1.0,0.46938775510204084,1.0
0.9219246280521664,0.20754716981132076,1.0,0.5227272727272727,1.0
0.9190329387500606,0.20754716981132076,0.9782608695652174,0.5172413793103449,0.9166666666666666
0.7416328877999593,0.4716981132075472,0.9782608695652174,0.6164383561643836,0.9615384615384616
0.7306457838818077,0.4716981132075472,0.9347826086956522,0.6056338028169014,0.8928571428571429
0.6496089499425498,0.7547169811320755,0.9347826086956522,0.7678571428571429,0.9302325581395349
0.6444903347827596,0.7547169811320755,0.9130434782608695,0.7636363636363637,0.9090909090909091
0.6408360842445472,0.7924528301886793,0.9130434782608695,0.7924528301886793,0.9130434782608695
0.636726997580357,0.7924528301886793,0.8695652173913043,0.7843137254901961,0.875
0.6337334083943821,0.8301886792452831,0.8695652173913043,0.8163265306122449,0.88
0.59852733993737,0.8301886792452831,0.7391304347826086,0.7906976744186046,0.7857142857142857
0.5924619942573229,0.8490566037735849,0.7391304347826086,0.8095238095238095,0.7894736842105263
0.5769282482496692,0.8490566037735849,0.6086956521739131,0.7777777777777778,0.7142857142857143
0.576917816072036,0.8679245283018868,0.6086956521739131,0.8,0.71875
0.5741068982602998,0.8679245283018868,0.5869565217391305,0.7941176470588235,0.7076923076923077
0.5711434468474405,0.9056603773584906,0.5869565217391305,0.84375,0.7164179104477612
0.5445209780866451,0.9056603773584906,0.3695652173913043,0.7727272727272727,0.6233766233766234
0.5370643527145978,0.9433962264150944,0.3695652173913043,0.85,0.6329113924050633
0.536092478488981,0.9433962264150944,0.32608695652173914,0.8333333333333334,0.6172839506172839
0.5348297600243119,0.9811320754716981,0.32608695652173914,0.9375,0.6265060240963856
0.5295688110180895,0.9811320754716981,0.2826086956521739,0.9285714285714286,0.611764705882353
0.5295568905213912,1.0,0.2826086956521739,1.0,0.6162790697674418
0.500419955640947,1.0,0.0,0,0.5353535353535354
