Threshold,Sensitivity,Specificity,NPV,PPV
inf,0.0,1.0,0.46808510638297873,0
0.9854643967540644,0.02,1.0,0.4731182795698925,1.0
0.9749433306570855,0.02,0.9772727272727273,0.4673913043478261,0.5
0.654182765359918,0.62,0.9772727272727273,0.6935483870967742,0.96875
0.6476788429591523,0.62,0.9318181818181818,0.6833333333333333,0.9117647058823529
0.6403780115003211,0.64,0.9318181818181818,0.6949152542372882,0.9142857142857143
0.6400442897351437,0.64,0.9090909090909091,0.6896551724137931,0.8888888888888888
0.6305644068384124,0.68,0.9090909090909091,0.7142857142857143,0.8947368421052632
0.613102461591712,0.68,0.8636363636363636,0.7037037037037037,0.85
0.6121974402730304,0.7,0.8636363636363636,0.7169811320754716,0.8536585365853658
0.5922493840286862,0.7,0.8409090909090909,0.7115384615384616,0.8333333333333334
0.591492385085919,0.72,0.8409090909090909,0.7254901960784313,0.8372093023255814
0.5785460718618285,0.72,0.75,0.7021276595744681,0.7659574468085106
0.576686669518567,0.76,0.75,0.7333333333333333,0.7755102040816326
0.5766784318872794,0.76,0.7272727272727273,0.7272727272727273,0.76
0.576176164592693,0.78,0.7272727272727273,0.7441860465116279,0.7647058823529411
0.5661312055064076,0.78,0.6590909090909091,0.725,0.7222222222222222
0.5620805001316829,0.8,0.6590909090909091,0.7435897435897436,0.7272727272727273
0.5544516752341547,0.8,0.5,0.6875,0.6451612903225806
0.5489459756641423,0.82,0.5,0.7096774193548387,0.6507936507936508
0.53882940847525,0.82,0.29545454545454547,0.5909090909090909,0.5694444444444444
0.5387050344648964,0.84,0.29545454545454547,0.6190476190476191,0.5753424657534246
0.5377499190004851,0.84,0.2727272727272727,0.6,0.5675675675675675
0.5374176928141966,0.86,0.2727272727272727,0.631578947368421,0.5733333333333334
0.5286606947951811,0.86,0.20454545454545456,0.5625,0.5512820512820513
0.5275452224851789,0.88,0.20454545454545456,0.6,0.5569620253164557
0.522393790325076,0.88,0.18181818181818182,0.5714285714285714,0.55
0.5163089578811378,0.96,0.18181818181818182,0.8,0.5714285714285714
0.5088112163655887,0.96,0.11363636363636363,0.7142857142857143,0.5517241379310345
0.5054413303022434,0.98,0.11363636363636363,0.8333333333333334,0.5568181818181818
0.4770834361192084,0.98,0.022727272727272728,0.5,0.532608695652174
0.34078993341124747,1.0,0.022727272727272728,1.0,0.5376344086021505
0.12371540101540807,1.0,0.0,0,0.5319148936170213
