Threshold,Sensitivity,Specificity,NPV,PPV
inf,0.0,1.0,0.4117647058823529,0
0.9368486079807047,0.0,0.9714285714285714,0.40476190476190477,0.0
0.8961361867982139,0.0,0.8857142857142857,0.38271604938271603,0.0
0.73543342105835,0.36,0.8857142857142857,0.49206349206349204,0.8181818181818182
0.734499451574007,0.36,0.8571428571428571,0.4838709677419355,0.782608695652174
0.7222066251144535,0.38,0.8571428571428571,0.4918032786885246,0.7916666666666666
0.7116308881675131,0.38,0.8285714285714286,0.48333333333333334,0.76
0.6848939648732626,0.5,0.8285714285714286,0.5370370370370371,0.8064516129032258
0.6820587723555618,0.5,0.8,0.5283018867924528,0.78125
0.6607889260085213,0.6,0.8,0.5833333333333334,0.8108108108108109
0.6588977423215239,0.6,0.7714285714285715,0.574468085106383,0.7894736842105263
0.6498383080050478,0.68,0.7714285714285715,0.627906976744186,0.8095238095238095
0.6335608792147047,0.68,0.7142857142857143,0.6097560975609756,0.7727272727272727
0.6309482311992919,0.7,0.7142857142857143,0.625,0.7777777777777778
0.6301932754225306,0.7,0.6857142857142857,0.6153846153846154,0.7608695652173914
0.6079064258607867,0.74,0.6857142857142857,0.6486486486486487,0.7708333333333334
0.5954758845075563,0.74,0.6571428571428571,0.6388888888888888,0.7551020408163265
0.5331181450719089,0.86,0.6571428571428571,0.7666666666666667,0.7818181818181819
0.5131520679779796,0.86,0.6,0.75,0.7543859649122807
0.5024357071094553,0.88,0.6,0.7777777777777778,0.7586206896551724
0.49303602601813507,0.88,0.5142857142857142,0.75,0.7213114754098361
0.4843289771920037,0.92,0.5142857142857142,0.8181818181818182,0.7301587301587301
0.4671477439761109,0.92,0.4,0.7777777777777778,0.6865671641791045
0.45920997822044973,0.96,0.4,0.875,0.6956521739130435
0.4441606355387726,0.96,0.37142857142857144,0.8666666666666667,0.6857142857142857
0.4109211376733531,1.0,0.37142857142857144,1.0,0.6944444444444444
0.18507041773762747,1.0,0.0,0,0.5882352941176471
