Threshold,Sensitivity,Specificity,NPV,PPV
inf,0.0,1.0,0.4888888888888889,0
0.486192377932585,0.021739130434782608,1.0,0.4943820224719101,1.0
0.4831658549432073,0.06521739130434782,1.0,0.5057471264367817,1.0
0.4814641221247671,0.06521739130434782,0.9772727272727273,0.5,0.75
0.4472717717134226,0.6086956521739131,0.9772727272727273,0.7049180327868853,0.9655172413793104
0.4470453814992662,0.6086956521739131,0.9545454545454546,0.7,0.9333333333333333
0.42987941396933044,0.717391304347826,0.9545454545454546,0.7636363636363637,0.9428571428571428
0.4183623673561625,0.717391304347826,0.8863636363636364,0.75,0.868421052631579
0.4145841042583451,0.7608695652173914,0.8863636363636364,0.78,0.875
0.4133003836900838,0.7608695652173914,0.8636363636363636,0.7755102040816326,0.8536585365853658
0.4132863005337094,0.782608695652174,0.8636363636363636,0.7916666666666666,0.8571428571428571
0.39400058004456845,0.782608695652174,0.7272727272727273,0.7619047619047619,0.75
0.3925306687358196,0.8043478260869565,0.7272727272727273,0.7804878048780488,0.7551020408163265
0.384070403134807,0.8043478260869565,0.6136363636363636,0.75,0.6851851851851852
0.37725369063169273,0.8478260869565217,0.6136363636363636,0.7941176470588235,0.6964285714285714
0.3745476571017911,0.8478260869565217,0.5909090909090909,0.7878787878787878,0.6842105263157895
0.37300115642325155,0.8695652173913043,0.5909090909090909,0.8125,0.6896551724137931
0.33009537778187975,0.8695652173913043,0.36363636363636365,0.7272727272727273,0.5882352941176471
0.32149072952455243,0.9130434782608695,0.36363636363636365,0.8,0.6
0.30446623790381716,0.9130434782608695,0.20454545454545456,0.6923076923076923,0.5454545454545454
0.30252509361961294,0.9347826086956522,0.20454545454545456,0.75,0.5512820512820513
0.28807994366673473,0.9347826086956522,0.11363636363636363,0.625,0.524390243902439
0.2853409289942732,0.9565217391304348,0.11363636363636363,0.7142857142857143,0.5301204819277109
0.2600055408217798,0.9565217391304348,0.045454545454545456,0.5,0.5116279069767442
0.2527202998719063,0.9782608695652174,0.045454545454545456,0.6666666666666666,0.5172413793103449
0.2078614321854819,0.9782608695652174,0.022727272727272728,0.5,0.5113636363636364
0.1971990298447823,1.0,0.022727272727272728,1.0,0.5168539325842697
0.006416508452589738,1.0,0.0,0,0.5111111111111111
