,exp_auc,exp_normal,exp_cancer
0,0.87,10.071847435897437,12.13955519022206
