,exp_auc,exp_normal,exp_cancer
0,0.0,11.918769230769229,8.226050877192982
