,exp_auc,exp_normal,exp_cancer
0,0.97,11.582210256410256,13.045887719298245
