,exp_auc,exp_normal,exp_cancer
0,0.85,10.114385897435897,11.545321052631579
