,exp_auc,exp_normal,exp_cancer
0,0.15,13.132362820512821,10.81129649122807
