,exp_auc,exp_normal,exp_cancer
0,1.0,3.234170512820513,8.884829824561404
