,exp_auc,exp_normal,exp_cancer
0,0.67,0.508274358974359,1.3466245614035086
