,exp_auc,exp_normal,exp_cancer
0,0.79,1.2920858974358975,4.066251378081274
