,exp_auc,exp_normal,exp_cancer
0,0.88,11.818566666666666,12.579001680577454
