,exp_auc,exp_normal,exp_cancer
0,0.98,11.818566666666666,13.048164912280702
