,exp_auc,exp_normal,exp_cancer
0,0.73,8.904065384615384,9.878566208205001
