Threshold,Sensitivity,Specificity,NPV,PPV
inf,0.0,1.0,0.47368421052631576,0
0.9254998207658833,0.05,1.0,0.4864864864864865,1.0
0.8989275306370184,0.3,1.0,0.5625,1.0
0.894441754341256,0.3,0.9444444444444444,0.5483870967741935,0.8571428571428571
0.7438706483245021,0.75,0.9444444444444444,0.7727272727272727,0.9375
0.7234576117837451,0.75,0.8888888888888888,0.7619047619047619,0.8823529411764706
0.6352877334474886,1.0,0.8888888888888888,1.0,0.9090909090909091
0.5191830682260121,1.0,0.0,0,0.5263157894736842
