Threshold,Sensitivity,Specificity,NPV,PPV
inf,0.0,1.0,0.47368421052631576,0
0.9999959669662974,0.05,1.0,0.4864864864864865,1.0
0.8322400816961055,0.7,1.0,0.75,1.0
0.7851601040912518,0.7,0.8888888888888888,0.7272727272727273,0.875
0.6023170079984228,0.85,0.8888888888888888,0.8421052631578947,0.8947368421052632
0.5801538009713607,0.85,0.7222222222222222,0.8125,0.7727272727272727
0.5667573809795389,0.95,0.7222222222222222,0.9285714285714286,0.7916666666666666
0.3220948218942251,0.95,0.0,0.0,0.5135135135135135
0.31809960367103235,1.0,0.0,0,0.5263157894736842
