Threshold,Sensitivity,Specificity,NPV,PPV
inf,0.0,1.0,0.47368421052631576,0
0.9999402918483895,0.05,1.0,0.4864864864864865,1.0
0.7775143478235338,0.85,1.0,0.8571428571428571,1.0
0.706206869791736,0.85,0.8888888888888888,0.8421052631578947,0.8947368421052632
0.6547271246718908,0.9,0.8888888888888888,0.8888888888888888,0.9
0.6232249892867434,0.9,0.7777777777777778,0.875,0.8181818181818182
0.6127363010584453,0.95,0.7777777777777778,0.9333333333333333,0.8260869565217391
0.3186486896249098,0.95,0.0,0.0,0.5135135135135135
0.18257601424106373,1.0,0.0,0,0.5263157894736842
