,exp_auc,exp_normal,exp_cancer
0,0.31,2.0660166666666666,1.4290508771929824
