,exp_auc,exp_normal,exp_cancer
0,0.27,2.0660166666666666,0.9215988345094118
