Threshold,Sensitivity,Specificity,NPV,PPV
inf,0.0,1.0,0.5,0
0.9999999999722013,1.0,1.0,1.0,1.0
5.105263969976797e-11,1.0,0.0,0,0.5
