Threshold,Sensitivity,Specificity,NPV,PPV
inf,0.0,1.0,0.2727272727272727,0
0.8052849890219103,0.125,1.0,0.3,1.0
0.7641593171208896,0.125,0.6666666666666666,0.2222222222222222,0.5
0.7298092882429053,0.625,0.6666666666666666,0.4,0.8333333333333334
0.7224438234672207,0.625,0.3333333333333333,0.25,0.7142857142857143
0.6965728449449599,0.875,0.3333333333333333,0.5,0.7777777777777778
0.6754758168621704,0.875,0.0,0.0,0.7
0.6378852539655883,1.0,0.0,0,0.7272727272727273
