Biomarker_1,AUC,Sensitivity,Specificity,NPV,PPV,Best_Threshold
MMP9,0.77872,1.0,0.02128,1.0,0.52083,0.51515
PERM,0.75108,1.0,0.09091,1.0,0.5122,0.51515
ADIPOQ,0.67234,0.98,0.06383,0.75,0.52688,0.52525
TIMP-2,0.61702,0.96,0.08511,0.66667,0.52747,0.49495
HSPB1,0.61209,1.0,0.02326,1.0,0.54348,0.50505
