,exp_auc,exp_normal,exp_cancer
0,0.05,12.531815384615385,9.15051054929608
