,exp_auc,exp_normal,exp_cancer
0,0.81,10.25356153846154,11.479133355592793
