,exp_auc,exp_normal,exp_cancer
0,0.07,11.97898717948718,11.204049122807017
