,exp_auc,exp_normal,exp_cancer
0,0.07,15.620769230769229,13.629617133732843
