,exp_auc,exp_normal,exp_cancer
0,0.94,11.67661282051282,14.41140446670049
