,exp_auc,exp_normal,exp_cancer
0,0.98,6.026548717948719,11.156652631578948
