,exp_auc,exp_normal,exp_cancer
0,0.05,15.872519230769232,11.460737426901469
