,exp_auc,exp_normal,exp_cancer
0,0.95,9.952429487179485,12.426805766378921
