,exp_auc,exp_normal,exp_cancer
0,0.86,7.140452564102564,9.370188822301227
