,exp_auc,exp_normal,exp_cancer
0,0.95,13.3642141025641,15.062764066871077
