,exp_auc,exp_normal,exp_cancer
0,0.68,10.08723846153846,10.565859621867157
